[{
  "_id": {
    "$oid": "5edd466d8254cd243844e334"
  },
  "sensorID": "id2",
  "moisture": [
    {
      "status": "1",
      "value": "300",
      "time": {
        "$date": "2020-06-07T20:03:33.494Z"
      }
    },
    {
      "status": "0",
      "value": "30",
      "time": {
        "$date": "2020-06-07T20:04:18.262Z"
      }
    },
    {
      "status": "1",
      "value": "30",
      "time": {
        "$date": "2020-06-07T20:07:03.002Z"
      }
    },
    {
      "status": "1",
      "value": "30",
      "time": {
        "$date": "2020-06-07T20:07:11.946Z"
      }
    },
    {
      "status": "1",
      "value": "300",
      "time": {
        "$date": "2020-06-07T20:07:31.507Z"
      }
    },
    {
      "status": "1",
      "value": "300",
      "time": {
        "$date": "2020-06-07T20:10:21.047Z"
      }
    },
    {
      "status": "1",
      "value": "30",
      "time": {
        "$date": "2020-06-07T20:10:58.773Z"
      }
    },
    {
      "status": "1",
      "value": "300",
      "time": {
        "$date": "2020-06-07T20:13:27.625Z"
      }
    },
    {
      "status": "0",
      "value": "30",
      "time": {
        "$date": "2020-06-07T20:13:50.597Z"
      }
    }
  ],
  "threshold": 100
},
{
  "_id": {
    "$oid": "5edd466d8254cd243844e335"
  },
  "sensorID": "id3",
  "moisture": [
    {
      "status": "1",
      "value": "300",
      "time": {
        "$date": "2020-06-07T20:03:33.494Z"
      }
    },
    {
      "status": "1",
      "value": "30",
      "time": {
        "$date": "2020-06-07T20:04:18.262Z"
      }
    },
    {
      "status": "1",
      "value": "30",
      "time": {
        "$date": "2020-06-07T20:07:03.002Z"
      }
    },
    {
      "status": "1",
      "value": "30",
      "time": {
        "$date": "2020-06-07T20:07:11.946Z"
      }
    },
    {
      "status": "1",
      "value": "300",
      "time": {
        "$date": "2020-06-07T20:07:31.507Z"
      }
    },
    {
      "status": "1",
      "value": "300",
      "time": {
        "$date": "2020-06-07T20:10:21.047Z"
      }
    },
    {
      "status": "1",
      "value": "30",
      "time": {
        "$date": "2020-06-07T20:10:58.773Z"
      }
    },
    {
      "status": "1",
      "value": "300",
      "time": {
        "$date": "2020-06-07T20:13:27.625Z"
      }
    },
    {
      "status": "2332",
      "value": "30",
      "time": {
        "$date": "2020-06-07T20:13:50.597Z"
      }
    }
  ],
  "threshold": 200
}]